Player,Nation,Pos,Squad,Age,Goals,Shots,Shots on Target,Shots on Target %,Average Shot Distance,Penalties Scored,Penalties Attempted,Passes Completed,Passes Attempted,Pass Completion %,Passing Distance,Progressive Passing Distance,Short Passes Completed,Short Passes Attempted,Short Pass Completion %,Medium Passes Completed,Medium Passes Attempted,Medium Pass Completion %,Long Passes Completed,Long Passes Attempted,Long Pass Completion %,Assists,Assists - xA,Key Passes,Passes into Final Third,Passes into Penalty Area,Crosses into Penalty Area,Progressive Passes Completed,Open-play Passes,Dead-ball Passes,Free-kick Passes,Throughballs,Passes under Pressure,Switches,Crosses,Corner Kicks,Inswinging Corners,Outswinging Corners,Straight Corners,Ground Passes,Low Passes,High Passes,Passes from Left Foot,Passes from Right Foot,Headed Passes,Throw-ins Taken,Passes from Other Bodypart,Offside Passes,Out-of-bound Passes,Passes Intercepted,Passes Blocked,Shot-creating Actions,Open-play Shot-creating Passes,Dead-ball Shot-creating Actions,Shot-creating Dribbles,Shot-creating Shots,Shot-creating Actions Fouls Drawn,Shot-creating Defensive Actions,Goal-creating Actions,Open-play Goal-creating Passes,Dead-ball Goal-creating Actions,Goal-creating Dribbles,Goal-creating Shots,Goal-creating Fouls Drawn,Goal-creating Defensive Actions,Tackles Attempted,Tackles Won,Defensive Third Tackles,Middle Third Tackles,Final Third Tackles,Successful Tackles vs Dribblers,Attempted Tackles vs Dribblers,Tackle success % vs Dribblers,Unsuccessful Tackles vs Dribblers,Pressures,Successful Pressures,Pressure Success %,Defensive Third Pressures,Middle Third Pressures,Final Third Pressures,Blocks,Shots Blocked,Shot on Target Blocked,Interceptions,Clearances,Errors,Touches,Touches in Own Penalty Area,Touches in Defensive Third,Touches in Middle Third,Touches in Attacking Third,Touches in Penalty Area,Open-play Touches,Successful Dribbles,Attempted Dribbles,Dribble Success %,Number of Players Dribbled,Nutmegs,Carries,Total Distance Carried,Progressive Distance Carried,Progressive Carries,Carries into Final Third,Carries into Penalty Area,Times Misplaced,Times Dispossessed,Attempted Ball Receipts,Successful Ball Receipts,Successful Ball Receipt %,Progressive Passes Received,90s,Yellow Cards,Red Cards,Second Yellow Cards,Fouls Committed,Fouls Drawn,Offsides,Penalties Won,Penalties Conceded,Own-goals,Turnovers,Open-play Shot-creating Actions,Non-penalty Goals
Sandy MacIver,eng ENG,GK,Everton,23-080,0.0,,,,,0.0,0.0,,,,,,,,,,,,,,,0.0,,,,,,,,,,,,,,,,,,,,,,,,,,,,,,,,,,,,,,,,,,,,,,,,,,,,,,,,,,,,,,,,,,,,,,,,,,,,,,,,,,,,,,,,,1.0,0.0,0.0,0.0,,,,,,0.0,,,0.0
Angela Addison,eng ENG,MF,Tottenham,21-271,0.0,,,,,0.0,0.0,,,,,,,,,,,,,,,0.0,,,,,,,,,,,,,,,,,,,,,,,,,,,,,,,,,,,,,,,,,,,,,,,,,,,,,,,,,,,,,,,,,,,,,,,,,,,,,,,,,,,,,,,,,0.1,0.0,0.0,0.0,,,,,,0.0,,,0.0
Asmita Ale,eng ENG,DF,Tottenham,19-307,0.0,,,,,0.0,0.0,,,,,,,,,,,,,,,0.0,,,,,,,,,,,,,,,,,,,,,,,,,,,,,,,,,,,,,,,,,,,,,,,,,,,,,,,,,,,,,,,,,,,,,,,,,,,,,,,,,,,,,,,,,1.0,0.0,0.0,0.0,,,,,,0.0,,,0.0
Remi Allen,eng ENG,MF,Aston Villa LFC,30-326,1.0,,,,,0.0,0.0,,,,,,,,,,,,,,,0.0,,,,,,,,,,,,,,,,,,,,,,,,,,,,,,,,,,,,,,,,,,,,,,,,,,,,,,,,,,,,,,,,,,,,,,,,,,,,,,,,,,,,,,,,,1.0,0.0,0.0,0.0,,,,,,0.0,,,1.0
Jonna Andersson,se SWE,DF,Chelsea,28-247,0.0,,,,,0.0,0.0,,,,,,,,,,,,,,,0.0,,,,,,,,,,,,,,,,,,,,,,,,,,,,,,,,,,,,,,,,,,,,,,,,,,,,,,,,,,,,,,,,,,,,,,,,,,,,,,,,,,,,,,,,,0.1,0.0,0.0,0.0,,,,,,0.0,,,0.0
Anna Anvegard,se SWE,FW,Everton,24-119,0.0,,,,,0.0,0.0,,,,,,,,,,,,,,,0.0,,,,,,,,,,,,,,,,,,,,,,,,,,,,,,,,,,,,,,,,,,,,,,,,,,,,,,,,,,,,,,,,,,,,,,,,,,,,,,,,,,,,,,,,,0.9,0.0,0.0,0.0,,,,,,0.0,,,0.0
Mackenzie Arnold,au AUS,GK,West Ham,27-193,0.0,,,,,0.0,0.0,,,,,,,,,,,,,,,0.0,,,,,,,,,,,,,,,,,,,,,,,,,,,,,,,,,,,,,,,,,,,,,,,,,,,,,,,,,,,,,,,,,,,,,,,,,,,,,,,,,,,,,,,,,1.0,0.0,0.0,0.0,,,,,,0.0,,,0.0
Chloe Arthur,sct SCO,MF,Aston Villa LFC,26-228,0.0,,,,,0.0,0.0,,,,,,,,,,,,,,,0.0,,,,,,,,,,,,,,,,,,,,,,,,,,,,,,,,,,,,,,,,,,,,,,,,,,,,,,,,,,,,,,,,,,,,,,,,,,,,,,,,,,,,,,,,,1.0,0.0,0.0,0.0,,,,,,0.0,,,0.0
Anita Asante,eng ENG,DF,Aston Villa LFC,36-132,0.0,,,,,0.0,0.0,,,,,,,,,,,,,,,0.0,,,,,,,,,,,,,,,,,,,,,,,,,,,,,,,,,,,,,,,,,,,,,,,,,,,,,,,,,,,,,,,,,,,,,,,,,,,,,,,,,,,,,,,,,1.0,1.0,0.0,0.0,,,,,,0.0,,,0.0
Paige Bailey Gayle,eng ENG,MF,Leicester City WFC,19-298,0.0,,,,,0.0,0.0,,,,,,,,,,,,,,,0.0,,,,,,,,,,,,,,,,,,,,,,,,,,,,,,,,,,,,,,,,,,,,,,,,,,,,,,,,,,,,,,,,,,,,,,,,,,,,,,,,,,,,,,,,,0.7,0.0,0.0,0.0,,,,,,0.0,,,0.0
Sophie Barker,eng ENG,MF,Leicester City WFC,30-255,0.0,,,,,0.0,0.0,,,,,,,,,,,,,,,0.0,,,,,,,,,,,,,,,,,,,,,,,,,,,,,,,,,,,,,,,,,,,,,,,,,,,,,,,,,,,,,,,,,,,,,,,,,,,,,,,,,,,,,,,,,0.5,0.0,0.0,0.0,,,,,,0.0,,,0.0
Molly Bartrip,eng ENG,DF,Tottenham,25-097,0.0,,,,,0.0,0.0,,,,,,,,,,,,,,,0.0,,,,,,,,,,,,,,,,,,,,,,,,,,,,,,,,,,,,,,,,,,,,,,,,,,,,,,,,,,,,,,,,,,,,,,,,,,,,,,,,,,,,,,,,,1.0,0.0,0.0,0.0,,,,,,0.0,,,0.0
Ona Batlle,es ESP,DF,Manchester Utd,22-088,1.0,,,,,0.0,0.0,,,,,,,,,,,,,,,0.0,,,,,,,,,,,,,,,,,,,,,,,,,,,,,,,,,,,,,,,,,,,,,,,,,,,,,,,,,,,,,,,,,,,,,,,,,,,,,,,,,,,,,,,,,1.0,0.0,0.0,0.0,,,,,,0.0,,,1.0
Jennifer Beattie,sct SCO,DF,Arsenal,30-116,0.0,,,,,0.0,0.0,,,,,,,,,,,,,,,0.0,,,,,,,,,,,,,,,,,,,,,,,,,,,,,,,,,,,,,,,,,,,,,,,,,,,,,,,,,,,,,,,,,,,,,,,,,,,,,,,,,,,,,,,,,0.8,0.0,0.0,0.0,,,,,,0.0,,,0.0
Janine Beckie,ca CAN,FW,Manchester City,27-017,1.0,,,,,0.0,0.0,,,,,,,,,,,,,,,0.0,,,,,,,,,,,,,,,,,,,,,,,,,,,,,,,,,,,,,,,,,,,,,,,,,,,,,,,,,,,,,,,,,,,,,,,,,,,,,,,,,,,,,,,,,0.8,0.0,0.0,0.0,,,,,,0.0,,,1.0
Karima Benameur,fr FRA,GK,Manchester City,32-146,0.0,,,,,0.0,0.0,,,,,,,,,,,,,,,0.0,,,,,,,,,,,,,,,,,,,,,,,,,,,,,,,,,,,,,,,,,,,,,,,,,,,,,,,,,,,,,,,,,,,,,,,,,,,,,,,,,,,,,,,,,1.0,0.0,0.0,0.0,,,,,,0.0,,,0.0
Hanna Bennison,se SWE,FW,Everton,18-325,0.0,,,,,0.0,0.0,,,,,,,,,,,,,,,0.0,,,,,,,,,,,,,,,,,,,,,,,,,,,,,,,,,,,,,,,,,,,,,,,,,,,,,,,,,,,,,,,,,,,,,,,,,,,,,,,,,,,,,,,,,0.5,0.0,0.0,0.0,,,,,,0.0,,,0.0
Ann-Katrin Berger,de GER,GK,Chelsea,30-332,0.0,,,,,0.0,0.0,,,,,,,,,,,,,,,0.0,,,,,,,,,,,,,,,,,,,,,,,,,,,,,,,,,,,,,,,,,,,,,,,,,,,,,,,,,,,,,,,,,,,,,,,,,,,,,,,,,,,,,,,,,1.0,0.0,0.0,0.0,,,,,,0.0,,,0.0
Nathalie Björn,se SWE,DF,Everton,24-125,0.0,,,,,0.0,0.0,,,,,,,,,,,,,,,0.0,,,,,,,,,,,,,,,,,,,,,,,,,,,,,,,,,,,,,,,,,,,,,,,,,,,,,,,,,,,,,,,,,,,,,,,,,,,,,,,,,,,,,,,,,1.0,1.0,0.0,0.0,,,,,,0.0,,,0.0
Hannah Blundell,eng ENG,DF,Manchester Utd,27-104,0.0,,,,,0.0,0.0,,,,,,,,,,,,,,,0.0,,,,,,,,,,,,,,,,,,,,,,,,,,,,,,,,,,,,,,,,,,,,,,,,,,,,,,,,,,,,,,,,,,,,,,,,,,,,,,,,,,,,,,,,,1.0,0.0,0.0,0.0,,,,,,0.0,,,0.0
Simone Boye Sørensen,dk DEN,DF,Arsenal,29-187,0.0,,,,,0.0,0.0,,,,,,,,,,,,,,,0.0,,,,,,,,,,,,,,,,,,,,,,,,,,,,,,,,,,,,,,,,,,,,,,,,,,,,,,,,,,,,,,,,,,,,,,,,,,,,,,,,,,,,,,,,,0.2,0.0,0.0,0.0,,,,,,0.0,,,0.0
Chantelle Boye-Hlorkah,eng ENG,FW,Aston Villa LFC,25-363,0.0,,,,,0.0,0.0,,,,,,,,,,,,,,,0.0,,,,,,,,,,,,,,,,,,,,,,,,,,,,,,,,,,,,,,,,,,,,,,,,,,,,,,,,,,,,,,,,,,,,,,,,,,,,,,,,,,,,,,,,,1.0,0.0,0.0,0.0,,,,,,0.0,,,0.0
Ellie Brazil,eng ENG,MF,Brighton,22-239,0.0,,,,,0.0,0.0,,,,,,,,,,,,,,,0.0,,,,,,,,,,,,,,,,,,,,,,,,,,,,,,,,,,,,,,,,,,,,,,,,,,,,,,,,,,,,,,,,,,,,,,,,,,,,,,,,,,,,,,,,,1.0,0.0,0.0,0.0,,,,,,0.0,,,0.0
Millie Bright,eng ENG,DF,Chelsea,28-016,0.0,,,,,0.0,0.0,,,,,,,,,,,,,,,0.0,,,,,,,,,,,,,,,,,,,,,,,,,,,,,,,,,,,,,,,,,,,,,,,,,,,,,,,,,,,,,,,,,,,,,,,,,,,,,,,,,,,,,,,,,1.0,0.0,0.0,0.0,,,,,,0.0,,,0.0
Georgia Brougham,eng ENG,DF,Leicester City WFC,25-172,0.0,,,,,0.0,0.0,,,,,,,,,,,,,,,0.0,,,,,,,,,,,,,,,,,,,,,,,,,,,,,,,,,,,,,,,,,,,,,,,,,,,,,,,,,,,,,,,,,,,,,,,,,,,,,,,,,,,,,,,,,1.0,1.0,0.0,0.0,,,,,,0.0,,,0.0
Faye Bryson,eng ENG,DF,Reading,24-064,0.0,,,,,0.0,0.0,,,,,,,,,,,,,,,0.0,,,,,,,,,,,,,,,,,,,,,,,,,,,,,,,,,,,,,,,,,,,,,,,,,,,,,,,,,,,,,,,,,,,,,,,,,,,,,,,,,,,,,,,,,1.0,0.0,0.0,0.0,,,,,,0.0,,,0.0
Vilde Bøe Risa,no NOR,MF,Manchester Utd,26-055,0.0,,,,,0.0,0.0,,,,,,,,,,,,,,,0.0,,,,,,,,,,,,,,,,,,,,,,,,,,,,,,,,,,,,,,,,,,,,,,,,,,,,,,,,,,,,,,,,,,,,,,,,,,,,,,,,,,,,,,,,,0.8,0.0,0.0,0.0,,,,,,0.0,,,0.0
Hannah Cain,eng ENG,MF,Leicester City WFC,22-207,0.0,,,,,0.0,0.0,,,,,,,,,,,,,,,0.0,,,,,,,,,,,,,,,,,,,,,,,,,,,,,,,,,,,,,,,,,,,,,,,,,,,,,,,,,,,,,,,,,,,,,,,,,,,,,,,,,,,,,,,,,0.9,0.0,0.0,0.0,,,,,,0.0,,,0.0
Danielle Carter,eng ENG,MF,Brighton,28-111,0.0,,,,,0.0,0.0,,,,,,,,,,,,,,,0.0,,,,,,,,,,,,,,,,,,,,,,,,,,,,,,,,,,,,,,,,,,,,,,,,,,,,,,,,,,,,,,,,,,,,,,,,,,,,,,,,,,,,,,,,,0.9,0.0,0.0,0.0,,,,,,0.0,,,0.0
Jessica Carter,eng ENG,DF,Chelsea,23-314,0.0,,,,,0.0,0.0,,,,,,,,,,,,,,,0.0,,,,,,,,,,,,,,,,,,,,,,,,,,,,,,,,,,,,,,,,,,,,,,,,,,,,,,,,,,,,,,,,,,,,,,,,,,,,,,,,,,,,,,,,,1.0,0.0,0.0,0.0,,,,,,0.0,,,0.0
Steph Catley,au AUS,DF,Arsenal,27-223,0.0,,,,,0.0,0.0,,,,,,,,,,,,,,,0.0,,,,,,,,,,,,,,,,,,,,,,,,,,,,,,,,,,,,,,,,,,,,,,,,,,,,,,,,,,,,,,,,,,,,,,,,,,,,,,,,,,,,,,,,,0.3,0.0,0.0,0.0,,,,,,0.0,,,0.0
Brooke Chaplen,eng ENG,DF,Reading,32-143,0.0,,,,,0.0,0.0,,,,,,,,,,,,,,,0.0,,,,,,,,,,,,,,,,,,,,,,,,,,,,,,,,,,,,,,,,,,,,,,,,,,,,,,,,,,,,,,,,,,,,,,,,,,,,,,,,,,,,,,,,,1.0,0.0,0.0,0.0,,,,,,0.0,,,0.0
Niamh Charles,eng ENG,MF,Chelsea,22-077,0.0,,,,,0.0,0.0,,,,,,,,,,,,,,,0.0,,,,,,,,,,,,,,,,,,,,,,,,,,,,,,,,,,,,,,,,,,,,,,,,,,,,,,,,,,,,,,,,,,,,,,,,,,,,,,,,,,,,,,,,,0.6,0.0,0.0,0.0,,,,,,0.0,,,0.0
Izzy Christiansen,eng ENG,MF,Everton,29-351,0.0,,,,,0.0,0.0,,,,,,,,,,,,,,,0.0,,,,,,,,,,,,,,,,,,,,,,,,,,,,,,,,,,,,,,,,,,,,,,,,,,,,,,,,,,,,,,,,,,,,,,,,,,,,,,,,,,,,,,,,,1.0,0.0,0.0,0.0,,,,,,0.0,,,0.0
Hawa Cissoko,fr FRA,DF,West Ham,24-149,0.0,,,,,0.0,0.0,,,,,,,,,,,,,,,0.0,,,,,,,,,,,,,,,,,,,,,,,,,,,,,,,,,,,,,,,,,,,,,,,,,,,,,,,,,,,,,,,,,,,,,,,,,,,,,,,,,,,,,,,,,0.3,0.0,1.0,0.0,,,,,,0.0,,,0.0
Maéva Clemaron,fr FRA,MF,Tottenham,28-300,0.0,,,,,0.0,0.0,,,,,,,,,,,,,,,0.0,,,,,,,,,,,,,,,,,,,,,,,,,,,,,,,,,,,,,,,,,,,,,,,,,,,,,,,,,,,,,,,,,,,,,,,,,,,,,,,,,,,,,,,,,1.0,0.0,0.0,0.0,,,,,,0.0,,,0.0
Megan Connolly,ie IRL,MF,Brighton,24-183,0.0,,,,,0.0,0.0,,,,,,,,,,,,,,,0.0,,,,,,,,,,,,,,,,,,,,,,,,,,,,,,,,,,,,,,,,,,,,,,,,,,,,,,,,,,,,,,,,,,,,,,,,,,,,,,,,,,,,,,,,,1.0,0.0,0.0,0.0,,,,,,0.0,,,0.0
Laura Coombs,eng ENG,MF,Manchester City,30-220,0.0,,,,,0.0,0.0,,,,,,,,,,,,,,,0.0,,,,,,,,,,,,,,,,,,,,,,,,,,,,,,,,,,,,,,,,,,,,,,,,,,,,,,,,,,,,,,,,,,,,,,,,,,,,,,,,,,,,,,,,,0.9,0.0,0.0,0.0,,,,,,0.0,,,0.0
Deanna Cooper,eng ENG,DF,Reading,28-078,0.0,,,,,0.0,0.0,,,,,,,,,,,,,,,0.0,,,,,,,,,,,,,,,,,,,,,,,,,,,,,,,,,,,,,,,,,,,,,,,,,,,,,,,,,,,,,,,,,,,,,,,,,,,,,,,,,,,,,,,,,1.0,0.0,0.0,0.0,,,,,,0.0,,,0.0
Erin Cuthbert,sct SCO,FW,Chelsea,23-049,1.0,,,,,0.0,0.0,,,,,,,,,,,,,,,1.0,,,,,,,,,,,,,,,,,,,,,,,,,,,,,,,,,,,,,,,,,,,,,,,,,,,,,,,,,,,,,,,,,,,,,,,,,,,,,,,,,,,,,,,,,1.0,0.0,0.0,0.0,,,,,,0.0,,,1.0
Kenza Dali,fr FRA,MF,Everton,30-037,0.0,,,,,0.0,0.0,,,,,,,,,,,,,,,0.0,,,,,,,,,,,,,,,,,,,,,,,,,,,,,,,,,,,,,,,,,,,,,,,,,,,,,,,,,,,,,,,,,,,,,,,,,,,,,,,,,,,,,,,,,0.5,0.0,0.0,0.0,,,,,,0.0,,,0.0
Charlotte Devlin,eng ENG,MF,Leicester City WFC,23-195,0.0,,,,,0.0,0.0,,,,,,,,,,,,,,,0.0,,,,,,,,,,,,,,,,,,,,,,,,,,,,,,,,,,,,,,,,,,,,,,,,,,,,,,,,,,,,,,,,,,,,,,,,,,,,,,,,,,,,,,,,,0.5,0.0,0.0,0.0,,,,,,0.0,,,0.0
Toni Duggan,eng ENG,FW,Everton,30-043,0.0,,,,,0.0,0.0,,,,,,,,,,,,,,,0.0,,,,,,,,,,,,,,,,,,,,,,,,,,,,,,,,,,,,,,,,,,,,,,,,,,,,,,,,,,,,,,,,,,,,,,,,,,,,,,,,,,,,,,,,,0.9,0.0,0.0,0.0,,,,,,0.0,,,0.0
Mary Earps,eng ENG,GK,Manchester Utd,28-183,0.0,,,,,0.0,0.0,,,,,,,,,,,,,,,0.0,,,,,,,,,,,,,,,,,,,,,,,,,,,,,,,,,,,,,,,,,,,,,,,,,,,,,,,,,,,,,,,,,,,,,,,,,,,,,,,,,,,,,,,,,1.0,0.0,0.0,0.0,,,,,,0.0,,,0.0
Amalie Eikeland,no NOR,FW,Reading,26-011,0.0,,,,,0.0,0.0,,,,,,,,,,,,,,,0.0,,,,,,,,,,,,,,,,,,,,,,,,,,,,,,,,,,,,,,,,,,,,,,,,,,,,,,,,,,,,,,,,,,,,,,,,,,,,,,,,,,,,,,,,,1.0,0.0,0.0,0.0,,,,,,0.0,,,0.0
Claire Emslie,sct SCO,"FW,MF",Everton,27-182,0.0,,,,,0.0,0.0,,,,,,,,,,,,,,,0.0,,,,,,,,,,,,,,,,,,,,,,,,,,,,,,,,,,,,,,,,,,,,,,,,,,,,,,,,,,,,,,,,,,,,,,,,,,,,,,,,,,,,,,,,,0.5,0.0,0.0,0.0,,,,,,0.0,,,0.0
Bethany England,eng ENG,FW,Chelsea,27-095,0.0,,,,,0.0,0.0,,,,,,,,,,,,,,,0.0,,,,,,,,,,,,,,,,,,,,,,,,,,,,,,,,,,,,,,,,,,,,,,,,,,,,,,,,,,,,,,,,,,,,,,,,,,,,,,,,,,,,,,,,,0.6,0.0,0.0,0.0,,,,,,0.0,,,0.0
Magdalena Eriksson,se SWE,DF,Chelsea,27-363,0.0,,,,,0.0,0.0,,,,,,,,,,,,,,,0.0,,,,,,,,,,,,,,,,,,,,,,,,,,,,,,,,,,,,,,,,,,,,,,,,,,,,,,,,,,,,,,,,,,,,,,,,,,,,,,,,,,,,,,,,,1.0,1.0,0.0,0.0,,,,,,0.0,,,0.0
Gemma Evans,wls WAL,DF,Reading,25-036,0.0,,,,,0.0,0.0,,,,,,,,,,,,,,,0.0,,,,,,,,,,,,,,,,,,,,,,,,,,,,,,,,,,,,,,,,,,,,,,,,,,,,,,,,,,,,,,,,,,,,,,,,,,,,,,,,,,,,,,,,,1.0,0.0,0.0,0.0,,,,,,0.0,,,0.0
Lisa Evans,sct SCO,MF,West Ham,29-108,0.0,,,,,0.0,0.0,,,,,,,,,,,,,,,0.0,,,,,,,,,,,,,,,,,,,,,,,,,,,,,,,,,,,,,,,,,,,,,,,,,,,,,,,,,,,,,,,,,,,,,,,,,,,,,,,,,,,,,,,,,1.0,0.0,0.0,0.0,,,,,,0.0,,,0.0
Sarah Ewens,sct SCO,FW,Birmingham City,29-140,0.0,,,,,0.0,0.0,,,,,,,,,,,,,,,0.0,,,,,,,,,,,,,,,,,,,,,,,,,,,,,,,,,,,,,,,,,,,,,,,,,,,,,,,,,,,,,,,,,,,,,,,,,,,,,,,,,,,,,,,,,0.8,0.0,0.0,0.0,,,,,,0.0,,,0.0
Melisa Filis,eng ENG,MF,West Ham,19-038,0.0,,,,,0.0,0.0,,,,,,,,,,,,,,,0.0,,,,,,,,,,,,,,,,,,,,,,,,,,,,,,,,,,,,,,,,,,,,,,,,,,,,,,,,,,,,,,,,,,,,,,,,,,,,,,,,,,,,,,,,,0.5,0.0,0.0,0.0,,,,,,0.0,,,0.0
Jamie Finn,ie IRL,DF,Birmingham City,23-138,0.0,,,,,0.0,0.0,,,,,,,,,,,,,,,0.0,,,,,,,,,,,,,,,,,,,,,,,,,,,,,,,,,,,,,,,,,,,,,,,,,,,,,,,,,,,,,,,,,,,,,,,,,,,,,,,,,,,,,,,,,0.3,0.0,0.0,0.0,,,,,,0.0,,,0.0
Megan Finnigan,eng ENG,DF,Everton,23-157,0.0,,,,,0.0,0.0,,,,,,,,,,,,,,,0.0,,,,,,,,,,,,,,,,,,,,,,,,,,,,,,,,,,,,,,,,,,,,,,,,,,,,,,,,,,,,,,,,,,,,,,,,,,,,,,,,,,,,,,,,,0.5,0.0,0.0,0.0,,,,,,0.0,,,0.0
Grace Fisk,eng ENG,DF,West Ham,23-244,0.0,,,,,0.0,0.0,,,,,,,,,,,,,,,0.0,,,,,,,,,,,,,,,,,,,,,,,,,,,,,,,,,,,,,,,,,,,,,,,,,,,,,,,,,,,,,,,,,,,,,,,,,,,,,,,,,,,,,,,,,0.5,0.0,0.0,0.0,,,,,,0.0,,,0.0
Gilly Flaherty,eng ENG,DF,West Ham,30-013,0.0,,,,,0.0,0.0,,,,,,,,,,,,,,,0.0,,,,,,,,,,,,,,,,,,,,,,,,,,,,,,,,,,,,,,,,,,,,,,,,,,,,,,,,,,,,,,,,,,,,,,,,,,,,,,,,,,,,,,,,,1.0,0.0,0.0,0.0,,,,,,0.0,,,0.0
Jessie Fleming,ca CAN,MF,Chelsea,23-179,0.0,,,,,0.0,0.0,,,,,,,,,,,,,,,0.0,,,,,,,,,,,,,,,,,,,,,,,,,,,,,,,,,,,,,,,,,,,,,,,,,,,,,,,,,,,,,,,,,,,,,,,,,,,,,,,,,,,,,,,,,0.0,0.0,0.0,0.0,,,,,,0.0,,,0.0
Natasha Flint,eng ENG,FW,Leicester City WFC,25-035,1.0,,,,,0.0,0.0,,,,,,,,,,,,,,,0.0,,,,,,,,,,,,,,,,,,,,,,,,,,,,,,,,,,,,,,,,,,,,,,,,,,,,,,,,,,,,,,,,,,,,,,,,,,,,,,,,,,,,,,,,,1.0,0.0,0.0,0.0,,,,,,0.0,,,1.0
Jeon Ga-eul,kr KOR,FW,Reading,32-357,0.0,,,,,0.0,0.0,,,,,,,,,,,,,,,0.0,,,,,,,,,,,,,,,,,,,,,,,,,,,,,,,,,,,,,,,,,,,,,,,,,,,,,,,,,,,,,,,,,,,,,,,,,,,,,,,,,,,,,,,,,0.2,0.0,0.0,0.0,,,,,,0.0,,,0.0
Aurora Galli,it ITA,MF,Everton,24-267,0.0,,,,,0.0,0.0,,,,,,,,,,,,,,,0.0,,,,,,,,,,,,,,,,,,,,,,,,,,,,,,,,,,,,,,,,,,,,,,,,,,,,,,,,,,,,,,,,,,,,,,,,,,,,,,,,,,,,,,,,,0.9,0.0,0.0,0.0,,,,,,0.0,,,0.0
Leah Galton,eng ENG,MF,Manchester Utd,27-105,0.0,,,,,0.0,0.0,,,,,,,,,,,,,,,0.0,,,,,,,,,,,,,,,,,,,,,,,,,,,,,,,,,,,,,,,,,,,,,,,,,,,,,,,,,,,,,,,,,,,,,,,,,,,,,,,,,,,,,,,,,1.0,0.0,0.0,0.0,,,,,,0.0,,,0.0
Valérie Gauvin,fr FRA,FW,Everton,25-097,0.0,,,,,0.0,0.0,,,,,,,,,,,,,,,0.0,,,,,,,,,,,,,,,,,,,,,,,,,,,,,,,,,,,,,,,,,,,,,,,,,,,,,,,,,,,,,,,,,,,,,,,,,,,,,,,,,,,,,,,,,0.1,0.0,0.0,0.0,,,,,,0.0,,,0.0
Gabrielle George,eng ENG,DF,Everton,24-216,0.0,,,,,0.0,0.0,,,,,,,,,,,,,,,0.0,,,,,,,,,,,,,,,,,,,,,,,,,,,,,,,,,,,,,,,,,,,,,,,,,,,,,,,,,,,,,,,,,,,,,,,,,,,,,,,,,,,,,,,,,1.0,0.0,0.0,0.0,,,,,,0.0,,,0.0
Lee Geum-min,kr KOR,FW,Brighton,27-152,1.0,,,,,0.0,0.0,,,,,,,,,,,,,,,0.0,,,,,,,,,,,,,,,,,,,,,,,,,,,,,,,,,,,,,,,,,,,,,,,,,,,,,,,,,,,,,,,,,,,,,,,,,,,,,,,,,,,,,,,,,0.6,0.0,0.0,0.0,,,,,,0.0,,,1.0
Felicity Gibbons,eng ENG,DF,Brighton,27-059,0.0,,,,,0.0,0.0,,,,,,,,,,,,,,,0.0,,,,,,,,,,,,,,,,,,,,,,,,,,,,,,,,,,,,,,,,,,,,,,,,,,,,,,,,,,,,,,,,,,,,,,,,,,,,,,,,,,,,,,,,,0.3,0.0,0.0,0.0,,,,,,0.0,,,0.0
Kit Graham,eng ENG,FW,Tottenham,25-299,1.0,,,,,0.0,0.0,,,,,,,,,,,,,,,0.0,,,,,,,,,,,,,,,,,,,,,,,,,,,,,,,,,,,,,,,,,,,,,,,,,,,,,,,,,,,,,,,,,,,,,,,,,,,,,,,,,,,,,,,,,0.6,0.0,0.0,0.0,,,,,,0.0,,,1.0
Lucy Graham,sct SCO,MF,Everton,24-331,0.0,,,,,0.0,0.0,,,,,,,,,,,,,,,0.0,,,,,,,,,,,,,,,,,,,,,,,,,,,,,,,,,,,,,,,,,,,,,,,,,,,,,,,,,,,,,,,,,,,,,,,,,,,,,,,,,,,,,,,,,0.1,0.0,0.0,0.0,,,,,,0.0,,,0.0
Josephine Green,wls WAL,MF,Tottenham,28-134,0.0,,,,,0.0,0.0,,,,,,,,,,,,,,,0.0,,,,,,,,,,,,,,,,,,,,,,,,,,,,,,,,,,,,,,,,,,,,,,,,,,,,,,,,,,,,,,,,,,,,,,,,,,,,,,,,,,,,,,,,,0.9,0.0,0.0,0.0,,,,,,0.0,,,0.0
Kayleigh Green,wls WAL,"DF,FW",Brighton,33-168,0.0,,,,,0.0,0.0,,,,,,,,,,,,,,,0.0,,,,,,,,,,,,,,,,,,,,,,,,,,,,,,,,,,,,,,,,,,,,,,,,,,,,,,,,,,,,,,,,,,,,,,,,,,,,,,,,,,,,,,,,,0.1,0.0,0.0,0.0,,,,,,0.0,,,0.0
Alex Greenwood,eng ENG,DF,Manchester City,27-364,0.0,,,,,0.0,0.0,,,,,,,,,,,,,,,1.0,,,,,,,,,,,,,,,,,,,,,,,,,,,,,,,,,,,,,,,,,,,,,,,,,,,,,,,,,,,,,,,,,,,,,,,,,,,,,,,,,,,,,,,,,0.8,0.0,0.0,0.0,,,,,,0.0,,,0.0
Jackie Groenen,nl NED,MF,Manchester Utd,26-263,0.0,,,,,0.0,0.0,,,,,,,,,,,,,,,0.0,,,,,,,,,,,,,,,,,,,,,,,,,,,,,,,,,,,,,,,,,,,,,,,,,,,,,,,,,,,,,,,,,,,,,,,,,,,,,,,,,,,,,,,,,0.3,0.0,0.0,0.0,,,,,,0.0,,,0.0
Hannah Hampton,eng ENG,GK,Aston Villa LFC,20-294,0.0,,,,,0.0,0.0,,,,,,,,,,,,,,,0.0,,,,,,,,,,,,,,,,,,,,,,,,,,,,,,,,,,,,,,,,,,,,,,,,,,,,,,,,,,,,,,,,,,,,,,,,,,,,,,,,,,,,,,,,,1.0,0.0,0.0,0.0,,,,,,0.0,,,0.0
Kirsty Hanson,sct SCO,MF,Manchester Utd,23-142,1.0,,,,,0.0,0.0,,,,,,,,,,,,,,,0.0,,,,,,,,,,,,,,,,,,,,,,,,,,,,,,,,,,,,,,,,,,,,,,,,,,,,,,,,,,,,,,,,,,,,,,,,,,,,,,,,,,,,,,,,,1.0,0.0,0.0,0.0,,,,,,0.0,,,1.0
Pernille Harder,dk DEN,FW,Chelsea,28-295,1.0,,,,,0.0,0.0,,,,,,,,,,,,,,,0.0,,,,,,,,,,,,,,,,,,,,,,,,,,,,,,,,,,,,,,,,,,,,,,,,,,,,,,,,,,,,,,,,,,,,,,,,,,,,,,,,,,,,,,,,,1.0,0.0,0.0,0.0,,,,,,0.0,,,1.0
Natasha Harding,wls WAL,MF,Reading,32-188,0.0,,,,,0.0,0.0,,,,,,,,,,,,,,,0.0,,,,,,,,,,,,,,,,,,,,,,,,,,,,,,,,,,,,,,,,,,,,,,,,,,,,,,,,,,,,,,,,,,,,,,,,,,,,,,,,,,,,,,,,,0.8,0.0,0.0,0.0,,,,,,0.0,,,0.0
Emma Harries,eng ENG,FW,Reading,19-161,0.0,,,,,0.0,0.0,,,,,,,,,,,,,,,0.0,,,,,,,,,,,,,,,,,,,,,,,,,,,,,,,,,,,,,,,,,,,,,,,,,,,,,,,,,,,,,,,,,,,,,,,,,,,,,,,,,,,,,,,,,1.0,0.0,0.0,0.0,,,,,,0.0,,,0.0
Yui Hasegawa,jp JPN,MF,West Ham,24-220,0.0,,,,,0.0,0.0,,,,,,,,,,,,,,,0.0,,,,,,,,,,,,,,,,,,,,,,,,,,,,,,,,,,,,,,,,,,,,,,,,,,,,,,,,,,,,,,,,,,,,,,,,,,,,,,,,,,,,,,,,,1.0,0.0,0.0,0.0,,,,,,0.0,,,0.0
Shania Hayles,jm JAM,FW,Aston Villa LFC,21-258,0.0,,,,,0.0,0.0,,,,,,,,,,,,,,,0.0,,,,,,,,,,,,,,,,,,,,,,,,,,,,,,,,,,,,,,,,,,,,,,,,,,,,,,,,,,,,,,,,,,,,,,,,,,,,,,,,,,,,,,,,,0.5,0.0,0.0,0.0,,,,,,0.0,,,0.0
Lauren Hemp,eng ENG,"FW,MF",Manchester City,21-030,0.0,,,,,0.0,0.0,,,,,,,,,,,,,,,0.0,,,,,,,,,,,,,,,,,,,,,,,,,,,,,,,,,,,,,,,,,,,,,,,,,,,,,,,,,,,,,,,,,,,,,,,,,,,,,,,,,,,,,,,,,0.2,0.0,0.0,0.0,,,,,,0.0,,,0.0
Rebecca Holloway,nir NIR,DF,Birmingham City,26-012,0.0,,,,,0.0,0.0,,,,,,,,,,,,,,,0.0,,,,,,,,,,,,,,,,,,,,,,,,,,,,,,,,,,,,,,,,,,,,,,,,,,,,,,,,,,,,,,,,,,,,,,,,,,,,,,,,,,,,,,,,,0.9,0.0,0.0,0.0,,,,,,0.0,,,0.0
Steph Houghton,eng ENG,DF,Manchester City,33-136,1.0,,,,,0.0,0.0,,,,,,,,,,,,,,,0.0,,,,,,,,,,,,,,,,,,,,,,,,,,,,,,,,,,,,,,,,,,,,,,,,,,,,,,,,,,,,,,,,,,,,,,,,,,,,,,,,,,,,,,,,,1.0,0.0,0.0,0.0,,,,,,0.0,,,1.0
Sophie Howard,sct SCO,DF,Leicester City WFC,27-354,0.0,,,,,0.0,0.0,,,,,,,,,,,,,,,0.0,,,,,,,,,,,,,,,,,,,,,,,,,,,,,,,,,,,,,,,,,,,,,,,,,,,,,,,,,,,,,,,,,,,,,,,,,,,,,,,,,,,,,,,,,0.3,0.0,0.0,0.0,,,,,,0.0,,,0.0
Jodie Hutton,eng ENG,MF,Aston Villa LFC,20-207,0.0,,,,,0.0,0.0,,,,,,,,,,,,,,,0.0,,,,,,,,,,,,,,,,,,,,,,,,,,,,,,,,,,,,,,,,,,,,,,,,,,,,,,,,,,,,,,,,,,,,,,,,,,,,,,,,,,,,,,,,,0.5,1.0,0.0,0.0,,,,,,0.0,,,0.0
Sophie Ingle,wls WAL,"DF,MF",Chelsea,30-004,0.0,,,,,0.0,0.0,,,,,,,,,,,,,,,0.0,,,,,,,,,,,,,,,,,,,,,,,,,,,,,,,,,,,,,,,,,,,,,,,,,,,,,,,,,,,,,,,,,,,,,,,,,,,,,,,,,,,,,,,,,0.4,0.0,0.0,0.0,,,,,,0.0,,,0.0
Mana Iwabuchi,jp JPN,MF,Arsenal,28-172,0.0,,,,,0.0,0.0,,,,,,,,,,,,,,,1.0,,,,,,,,,,,,,,,,,,,,,,,,,,,,,,,,,,,,,,,,,,,,,,,,,,,,,,,,,,,,,,,,,,,,,,,,,,,,,,,,,,,,,,,,,0.7,0.0,0.0,0.0,,,,,,0.0,,,0.0
Tang Jiali,cn CHN,MF,Tottenham,26-174,0.0,,,,,0.0,0.0,,,,,,,,,,,,,,,0.0,,,,,,,,,,,,,,,,,,,,,,,,,,,,,,,,,,,,,,,,,,,,,,,,,,,,,,,,,,,,,,,,,,,,,,,,,,,,,,,,,,,,,,,,,0.4,0.0,0.0,0.0,,,,,,0.0,,,0.0
Inessa Kaagman,nl NED,MF,Brighton,25-142,1.0,,,,,1.0,1.0,,,,,,,,,,,,,,,0.0,,,,,,,,,,,,,,,,,,,,,,,,,,,,,,,,,,,,,,,,,,,,,,,,,,,,,,,,,,,,,,,,,,,,,,,,,,,,,,,,,,,,,,,,,1.0,0.0,0.0,0.0,,,,,,0.0,,,0.0
Alanna Kennedy,au AUS,"DF,MF",Manchester City,26-228,0.0,,,,,0.0,0.0,,,,,,,,,,,,,,,0.0,,,,,,,,,,,,,,,,,,,,,,,,,,,,,,,,,,,,,,,,,,,,,,,,,,,,,,,,,,,,,,,,,,,,,,,,,,,,,,,,,,,,,,,,,0.2,0.0,0.0,0.0,,,,,,0.0,,,0.0
Danique Kerkdijk,nl NED,DF,Brighton,25-128,0.0,,,,,0.0,0.0,,,,,,,,,,,,,,,0.0,,,,,,,,,,,,,,,,,,,,,,,,,,,,,,,,,,,,,,,,,,,,,,,,,,,,,,,,,,,,,,,,,,,,,,,,,,,,,,,,,,,,,,,,,1.0,0.0,0.0,0.0,,,,,,0.0,,,0.0
Sam Kerr,au AUS,"FW,MF",Chelsea,27-361,0.0,,,,,0.0,0.0,,,,,,,,,,,,,,,0.0,,,,,,,,,,,,,,,,,,,,,,,,,,,,,,,,,,,,,,,,,,,,,,,,,,,,,,,,,,,,,,,,,,,,,,,,,,,,,,,,,,,,,,,,,0.4,0.0,0.0,0.0,,,,,,0.0,,,0.0
Fran Kirby,eng ENG,"FW,MF",Chelsea,28-069,0.0,,,,,0.0,0.0,,,,,,,,,,,,,,,0.0,,,,,,,,,,,,,,,,,,,,,,,,,,,,,,,,,,,,,,,,,,,,,,,,,,,,,,,,,,,,,,,,,,,,,,,,,,,,,,,,,,,,,,,,,0.4,0.0,0.0,0.0,,,,,,0.0,,,0.0
Emma Koivisto,fi FIN,DF,Brighton,26-346,0.0,,,,,0.0,0.0,,,,,,,,,,,,,,,0.0,,,,,,,,,,,,,,,,,,,,,,,,,,,,,,,,,,,,,,,,,,,,,,,,,,,,,,,,,,,,,,,,,,,,,,,,,,,,,,,,,,,,,,,,,1.0,0.0,0.0,0.0,,,,,,0.0,,,0.0
Tinja-Riikka Korpela,fi FIN,GK,Tottenham,35-124,0.0,,,,,0.0,0.0,,,,,,,,,,,,,,,0.0,,,,,,,,,,,,,,,,,,,,,,,,,,,,,,,,,,,,,,,,,,,,,,,,,,,,,,,,,,,,,,,,,,,,,,,,,,,,,,,,,,,,,,,,,1.0,0.0,0.0,0.0,,,,,,0.0,,,0.0
Gemma Lawley,eng ENG,DF,Birmingham City,20-248,0.0,,,,,0.0,0.0,,,,,,,,,,,,,,,0.0,,,,,,,,,,,,,,,,,,,,,,,,,,,,,,,,,,,,,,,,,,,,,,,,,,,,,,,,,,,,,,,,,,,,,,,,,,,,,,,,,,,,,,,,,1.0,0.0,0.0,0.0,,,,,,0.0,,,0.0
Maya Le Tissier,eng ENG,DF,Brighton,19-141,0.0,,,,,0.0,0.0,,,,,,,,,,,,,,,0.0,,,,,,,,,,,,,,,,,,,,,,,,,,,,,,,,,,,,,,,,,,,,,,,,,,,,,,,,,,,,,,,,,,,,,,,,,,,,,,,,,,,,,,,,,1.0,0.0,0.0,0.0,,,,,,0.0,,,0.0
Alisha Lehmann,ch SUI,MF,Aston Villa LFC,22-228,0.0,,,,,0.0,0.0,,,,,,,,,,,,,,,0.0,,,,,,,,,,,,,,,,,,,,,,,,,,,,,,,,,,,,,,,,,,,,,,,,,,,,,,,,,,,,,,,,,,,,,,,,,,,,,,,,,,,,,,,,,1.0,0.0,0.0,0.0,,,,,,0.0,,,0.0
Adriana Leon,ca CAN,FW,West Ham,28-339,0.0,,,,,0.0,0.0,,,,,,,,,,,,,,,0.0,,,,,,,,,,,,,,,,,,,,,,,,,,,,,,,,,,,,,,,,,,,,,,,,,,,,,,,,,,,,,,,,,,,,,,,,,,,,,,,,,,,,,,,,,1.0,0.0,0.0,0.0,,,,,,0.0,,,0.0
Melanie Leupolz,de GER,MF,Chelsea,27-145,0.0,,,,,0.0,0.0,,,,,,,,,,,,,,,1.0,,,,,,,,,,,,,,,,,,,,,,,,,,,,,,,,,,,,,,,,,,,,,,,,,,,,,,,,,,,,,,,,,,,,,,,,,,,,,,,,,,,,,,,,,0.6,0.0,0.0,0.0,,,,,,0.0,,,0.0
Kirstie Levell,eng ENG,GK,Leicester City WFC,24-242,0.0,,,,,0.0,0.0,,,,,,,,,,,,,,,0.0,,,,,,,,,,,,,,,,,,,,,,,,,,,,,,,,,,,,,,,,,,,,,,,,,,,,,,,,,,,,,,,,,,,,,,,,,,,,,,,,,,,,,,,,,1.0,0.0,0.0,0.0,,,,,,0.0,,,0.0
Kim Little,sct SCO,MF,Arsenal,31-069,0.0,,,,,0.0,0.0,,,,,,,,,,,,,,,0.0,,,,,,,,,,,,,,,,,,,,,,,,,,,,,,,,,,,,,,,,,,,,,,,,,,,,,,,,,,,,,,,,,,,,,,,,,,,,,,,,,,,,,,,,,1.0,0.0,0.0,0.0,,,,,,0.0,,,0.0
Ruesha Littlejohn,ie IRL,FW,Aston Villa LFC,31-065,0.0,,,,,0.0,0.0,,,,,,,,,,,,,,,0.0,,,,,,,,,,,,,,,,,,,,,,,,,,,,,,,,,,,,,,,,,,,,,,,,,,,,,,,,,,,,,,,,,,,,,,,,,,,,,,,,,,,,,,,,,0.0,0.0,0.0,0.0,,,,,,0.0,,,0.0
Kate Longhurst,eng ENG,"FW,MF",West Ham,32-127,0.0,,,,,0.0,0.0,,,,,,,,,,,,,,,0.0,,,,,,,,,,,,,,,,,,,,,,,,,,,,,,,,,,,,,,,,,,,,,,,,,,,,,,,,,,,,,,,,,,,,,,,,,,,,,,,,,,,,,,,,,0.5,1.0,0.0,0.0,,,,,,0.0,,,0.0
Vicky Losada,es ESP,MF,Manchester City,30-185,1.0,,,,,0.0,0.0,,,,,,,,,,,,,,,0.0,,,,,,,,,,,,,,,,,,,,,,,,,,,,,,,,,,,,,,,,,,,,,,,,,,,,,,,,,,,,,,,,,,,,,,,,,,,,,,,,,,,,,,,,,1.0,0.0,0.0,0.0,,,,,,0.0,,,1.0
Rikke Læntver Sevecke,dk DEN,DF,Everton,25-083,0.0,,,,,0.0,0.0,,,,,,,,,,,,,,,0.0,,,,,,,,,,,,,,,,,,,,,,,,,,,,,,,,,,,,,,,,,,,,,,,,,,,,,,,,,,,,,,,,,,,,,,,,,,,,,,,,,,,,,,,,,1.0,0.0,0.0,0.0,,,,,,0.0,,,0.0
Frida Maanum,no NOR,MF,Arsenal,22-052,0.0,,,,,0.0,0.0,,,,,,,,,,,,,,,0.0,,,,,,,,,,,,,,,,,,,,,,,,,,,,,,,,,,,,,,,,,,,,,,,,,,,,,,,,,,,,,,,,,,,,,,,,,,,,,,,,,,,,,,,,,1.0,0.0,0.0,0.0,,,,,,0.0,,,0.0
Aoife Mannion,eng ENG,DF,Manchester Utd,25-347,0.0,,,,,0.0,0.0,,,,,,,,,,,,,,,0.0,,,,,,,,,,,,,,,,,,,,,,,,,,,,,,,,,,,,,,,,,,,,,,,,,,,,,,,,,,,,,,,,,,,,,,,,,,,,,,,,,,,,,,,,,1.0,0.0,0.0,0.0,,,,,,0.0,,,0.0
Noëlle Maritz,ch SUI,DF,Arsenal,25-257,0.0,,,,,0.0,0.0,,,,,,,,,,,,,,,0.0,,,,,,,,,,,,,,,,,,,,,,,,,,,,,,,,,,,,,,,,,,,,,,,,,,,,,,,,,,,,,,,,,,,,,,,,,,,,,,,,,,,,,,,,,1.0,0.0,0.0,0.0,,,,,,0.0,,,0.0
Sarah Mayling,eng ENG,DF,Aston Villa LFC,24-170,1.0,,,,,0.0,0.0,,,,,,,,,,,,,,,0.0,,,,,,,,,,,,,,,,,,,,,,,,,,,,,,,,,,,,,,,,,,,,,,,,,,,,,,,,,,,,,,,,,,,,,,,,,,,,,,,,,,,,,,,,,1.0,0.0,0.0,0.0,,,,,,0.0,,,1.0
Katie McCabe,ie IRL,FW,Arsenal,25-350,0.0,,,,,0.0,0.0,,,,,,,,,,,,,,,1.0,,,,,,,,,,,,,,,,,,,,,,,,,,,,,,,,,,,,,,,,,,,,,,,,,,,,,,,,,,,,,,,,,,,,,,,,,,,,,,,,,,,,,,,,,0.7,1.0,0.0,0.0,,,,,,0.0,,,0.0
Olivia McLoughlin,eng ENG,MF,Aston Villa LFC,16-326,0.0,,,,,0.0,0.0,,,,,,,,,,,,,,,0.0,,,,,,,,,,,,,,,,,,,,,,,,,,,,,,,,,,,,,,,,,,,,,,,,,,,,,,,,,,,,,,,,,,,,,,,,,,,,,,,,,,,,,,,,,1.0,0.0,0.0,0.0,,,,,,0.0,,,0.0
Abbie McManus,eng ENG,DF,Leicester City WFC,28-235,0.0,,,,,0.0,0.0,,,,,,,,,,,,,,,0.0,,,,,,,,,,,,,,,,,,,,,,,,,,,,,,,,,,,,,,,,,,,,,,,,,,,,,,,,,,,,,,,,,,,,,,,,,,,,,,,,,,,,,,,,,1.0,1.0,0.0,0.0,,,,,,0.0,,,0.0
Beth Mead,eng ENG,FW,Arsenal,26-120,2.0,,,,,0.0,0.0,,,,,,,,,,,,,,,0.0,,,,,,,,,,,,,,,,,,,,,,,,,,,,,,,,,,,,,,,,,,,,,,,,,,,,,,,,,,,,,,,,,,,,,,,,,,,,,,,,,,,,,,,,,0.9,0.0,0.0,0.0,,,,,,0.0,,,2.0
Vivianne Miedema,nl NED,FW,Arsenal,25-053,1.0,,,,,0.0,0.0,,,,,,,,,,,,,,,1.0,,,,,,,,,,,,,,,,,,,,,,,,,,,,,,,,,,,,,,,,,,,,,,,,,,,,,,,,,,,,,,,,,,,,,,,,,,,,,,,,,,,,,,,,,1.0,0.0,0.0,0.0,,,,,,0.0,,,1.0
Grace Moloney,ie IRL,GK,Reading,28-189,0.0,,,,,0.0,0.0,,,,,,,,,,,,,,,0.0,,,,,,,,,,,,,,,,,,,,,,,,,,,,,,,,,,,,,,,,,,,,,,,,,,,,,,,,,,,,,,,,,,,,,,,,,,,,,,,,,,,,,,,,,1.0,0.0,0.0,0.0,,,,,,0.0,,,0.0
Esme Morgan,eng ENG,DF,Manchester City,20-323,0.0,,,,,0.0,0.0,,,,,,,,,,,,,,,0.0,,,,,,,,,,,,,,,,,,,,,,,,,,,,,,,,,,,,,,,,,,,,,,,,,,,,,,,,,,,,,,,,,,,,,,,,,,,,,,,,,,,,,,,,,1.0,0.0,0.0,0.0,,,,,,0.0,,,0.0
Elisha N'Dow,eng ENG,DF,Aston Villa LFC,24-328,0.0,,,,,0.0,0.0,,,,,,,,,,,,,,,0.0,,,,,,,,,,,,,,,,,,,,,,,,,,,,,,,,,,,,,,,,,,,,,,,,,,,,,,,,,,,,,,,,,,,,,,,,,,,,,,,,,,,,,,,,,0.5,0.0,0.0,0.0,,,,,,0.0,,,0.0
Ashleigh Neville,eng ENG,MF,Tottenham,28-130,0.0,,,,,0.0,0.0,,,,,,,,,,,,,,,0.0,,,,,,,,,,,,,,,,,,,,,,,,,,,,,,,,,,,,,,,,,,,,,,,,,,,,,,,,,,,,,,,,,,,,,,,,,,,,,,,,,,,,,,,,,1.0,0.0,0.0,0.0,,,,,,0.0,,,0.0
Jessica Ngunga,eng ENG,FW,Tottenham,20-347,0.0,,,,,0.0,0.0,,,,,,,,,,,,,,,0.0,,,,,,,,,,,,,,,,,,,,,,,,,,,,,,,,,,,,,,,,,,,,,,,,,,,,,,,,,,,,,,,,,,,,,,,,,,,,,,,,,,,,,,,,,1.0,0.0,0.0,0.0,,,,,,0.0,,,0.0
Shannon O’Brien,eng ENG,FW,Leicester City WFC,19-336,0.0,,,,,0.0,0.0,,,,,,,,,,,,,,,1.0,,,,,,,,,,,,,,,,,,,,,,,,,,,,,,,,,,,,,,,,,,,,,,,,,,,,,,,,,,,,,,,,,,,,,,,,,,,,,,,,,,,,,,,,,1.0,0.0,0.0,0.0,,,,,,0.0,,,0.0
Mayumi Pacheco,eng ENG,DF,Aston Villa LFC,23-012,0.0,,,,,0.0,0.0,,,,,,,,,,,,,,,0.0,,,,,,,,,,,,,,,,,,,,,,,,,,,,,,,,,,,,,,,,,,,,,,,,,,,,,,,,,,,,,,,,,,,,,,,,,,,,,,,,,,,,,,,,,1.0,0.0,0.0,0.0,,,,,,0.0,,,0.0
Nikita Parris,eng ENG,"FW,MF",Arsenal,27-180,0.0,,,,,0.0,0.0,,,,,,,,,,,,,,,0.0,,,,,,,,,,,,,,,,,,,,,,,,,,,,,,,,,,,,,,,,,,,,,,,,,,,,,,,,,,,,,,,,,,,,,,,,,,,,,,,,,,,,,,,,,0.3,1.0,0.0,0.0,,,,,,0.0,,,0.0
Anna Patten,eng ENG,DF,Arsenal,22-139,0.0,,,,,0.0,0.0,,,,,,,,,,,,,,,0.0,,,,,,,,,,,,,,,,,,,,,,,,,,,,,,,,,,,,,,,,,,,,,,,,,,,,,,,,,,,,,,,,,,,,,,,,,,,,,,,,,,,,,,,,,0.1,0.0,0.0,0.0,,,,,,0.0,,,0.0
Lachante Paul,eng ENG,FW,Leicester City WFC,19-031,0.0,,,,,0.0,0.0,,,,,,,,,,,,,,,0.0,,,,,,,,,,,,,,,,,,,,,,,,,,,,,,,,,,,,,,,,,,,,,,,,,,,,,,,,,,,,,,,,,,,,,,,,,,,,,,,,,,,,,,,,,0.1,0.0,0.0,0.0,,,,,,0.0,,,0.0
Jade Pennock,eng ENG,DF,Birmingham City,28-241,0.0,,,,,0.0,0.0,,,,,,,,,,,,,,,0.0,,,,,,,,,,,,,,,,,,,,,,,,,,,,,,,,,,,,,,,,,,,,,,,,,,,,,,,,,,,,,,,,,,,,,,,,,,,,,,,,,,,,,,,,,0.7,0.0,0.0,0.0,,,,,,0.0,,,0.0
Chloe Peplow,eng ENG,MF,Reading,22-277,0.0,,,,,0.0,0.0,,,,,,,,,,,,,,,0.0,,,,,,,,,,,,,,,,,,,,,,,,,,,,,,,,,,,,,,,,,,,,,,,,,,,,,,,,,,,,,,,,,,,,,,,,,,,,,,,,,,,,,,,,,1.0,0.0,0.0,0.0,,,,,,0.0,,,0.0
Ria Percival,nz NZL,MF,Tottenham,31-273,0.0,,,,,0.0,0.0,,,,,,,,,,,,,,,1.0,,,,,,,,,,,,,,,,,,,,,,,,,,,,,,,,,,,,,,,,,,,,,,,,,,,,,,,,,,,,,,,,,,,,,,,,,,,,,,,,,,,,,,,,,1.0,0.0,0.0,0.0,,,,,,0.0,,,0.0
Molly Pike,eng ENG,MF,Leicester City WFC,20-227,0.0,,,,,0.0,0.0,,,,,,,,,,,,,,,0.0,,,,,,,,,,,,,,,,,,,,,,,,,,,,,,,,,,,,,,,,,,,,,,,,,,,,,,,,,,,,,,,,,,,,,,,,,,,,,,,,,,,,,,,,,1.0,0.0,0.0,0.0,,,,,,0.0,,,0.0
Louise Quinn,ie IRL,DF,Birmingham City,31-081,0.0,,,,,0.0,0.0,,,,,,,,,,,,,,,0.0,,,,,,,,,,,,,,,,,,,,,,,,,,,,,,,,,,,,,,,,,,,,,,,,,,,,,,,,,,,,,,,,,,,,,,,,,,,,,,,,,,,,,,,,,1.0,0.0,0.0,0.0,,,,,,0.0,,,0.0
Lucy Quinn,eng ENG,FW,Birmingham City,27-342,0.0,,,,,0.0,0.0,,,,,,,,,,,,,,,0.0,,,,,,,,,,,,,,,,,,,,,,,,,,,,,,,,,,,,,,,,,,,,,,,,,,,,,,,,,,,,,,,,,,,,,,,,,,,,,,,,,,,,,,,,,1.0,0.0,0.0,0.0,,,,,,0.0,,,0.0
Emily Ramsey,eng ENG,GK,Birmingham City,20-294,0.0,,,,,0.0,0.0,,,,,,,,,,,,,,,0.0,,,,,,,,,,,,,,,,,,,,,,,,,,,,,,,,,,,,,,,,,,,,,,,,,,,,,,,,,,,,,,,,,,,,,,,,,,,,,,,,,,,,,,,,,1.0,0.0,0.0,0.0,,,,,,0.0,,,0.0
Hayley Raso,au AUS,FW,Manchester City,27-001,0.0,,,,,0.0,0.0,,,,,,,,,,,,,,,1.0,,,,,,,,,,,,,,,,,,,,,,,,,,,,,,,,,,,,,,,,,,,,,,,,,,,,,,,,,,,,,,,,,,,,,,,,,,,,,,,,,,,,,,,,,1.0,0.0,0.0,0.0,,,,,,0.0,,,0.0
Guro Reiten,no NOR,DF,Chelsea,27-042,0.0,,,,,0.0,0.0,,,,,,,,,,,,,,,0.0,,,,,,,,,,,,,,,,,,,,,,,,,,,,,,,,,,,,,,,,,,,,,,,,,,,,,,,,,,,,,,,,,,,,,,,,,,,,,,,,,,,,,,,,,0.9,0.0,0.0,0.0,,,,,,0.0,,,0.0
Lisa Robertson,sct SCO,MF,Birmingham City,29-113,0.0,,,,,0.0,0.0,,,,,,,,,,,,,,,0.0,,,,,,,,,,,,,,,,,,,,,,,,,,,,,,,,,,,,,,,,,,,,,,,,,,,,,,,,,,,,,,,,,,,,,,,,,,,,,,,,,,,,,,,,,0.7,1.0,0.0,0.0,,,,,,0.0,,,0.0
Rachel Rowe,wls WAL,DF,Reading,28-358,0.0,,,,,0.0,0.0,,,,,,,,,,,,,,,0.0,,,,,,,,,,,,,,,,,,,,,,,,,,,,,,,,,,,,,,,,,,,,,,,,,,,,,,,,,,,,,,,,,,,,,,,,,,,,,,,,,,,,,,,,,1.0,0.0,0.0,0.0,,,,,,0.0,,,0.0
Alessia Russo,eng ENG,MF,Manchester Utd,22-210,0.0,,,,,0.0,0.0,,,,,,,,,,,,,,,0.0,,,,,,,,,,,,,,,,,,,,,,,,,,,,,,,,,,,,,,,,,,,,,,,,,,,,,,,,,,,,,,,,,,,,,,,,,,,,,,,,,,,,,,,,,0.2,0.0,0.0,0.0,,,,,,0.0,,,0.0
Eleanor Ryan-Doyle,ie IRL,FW,Birmingham City,23-115,0.0,,,,,0.0,0.0,,,,,,,,,,,,,,,0.0,,,,,,,,,,,,,,,,,,,,,,,,,,,,,,,,,,,,,,,,,,,,,,,,,,,,,,,,,,,,,,,,,,,,,,,,,,,,,,,,,,,,,,,,,0.2,0.0,0.0,0.0,,,,,,0.0,,,0.0
Meaghan Sargeant,eng ENG,DF,Aston Villa LFC,27-174,0.0,,,,,0.0,0.0,,,,,,,,,,,,,,,0.0,,,,,,,,,,,,,,,,,,,,,,,,,,,,,,,,,,,,,,,,,,,,,,,,,,,,,,,,,,,,,,,,,,,,,,,,,,,,,,,,,,,,,,,,,0.5,0.0,0.0,0.0,,,,,,0.0,,,0.0
Veatriki Sarri,gr GRE,FW,Birmingham City,23-248,0.0,,,,,0.0,0.0,,,,,,,,,,,,,,,0.0,,,,,,,,,,,,,,,,,,,,,,,,,,,,,,,,,,,,,,,,,,,,,,,,,,,,,,,,,,,,,,,,,,,,,,,,,,,,,,,,,,,,,,,,,1.0,1.0,0.0,0.0,,,,,,0.0,,,0.0
Jill Scott,eng ENG,MF,Manchester City,34-216,0.0,,,,,0.0,0.0,,,,,,,,,,,,,,,0.0,,,,,,,,,,,,,,,,,,,,,,,,,,,,,,,,,,,,,,,,,,,,,,,,,,,,,,,,,,,,,,,,,,,,,,,,,,,,,,,,,,,,,,,,,0.1,0.0,0.0,0.0,,,,,,0.0,,,0.0
Bunny Shaw,jm JAM,FW,Manchester City,24-218,1.0,,,,,0.0,0.0,,,,,,,,,,,,,,,0.0,,,,,,,,,,,,,,,,,,,,,,,,,,,,,,,,,,,,,,,,,,,,,,,,,,,,,,,,,,,,,,,,,,,,,,,,,,,,,,,,,,,,,,,,,0.7,0.0,0.0,0.0,,,,,,0.0,,,1.0
Jessica Sigsworth,eng ENG,FW,Leicester City WFC,26-328,0.0,,,,,0.0,0.0,,,,,,,,,,,,,,,0.0,,,,,,,,,,,,,,,,,,,,,,,,,,,,,,,,,,,,,,,,,,,,,,,,,,,,,,,,,,,,,,,,,,,,,,,,,,,,,,,,,,,,,,,,,1.0,0.0,0.0,0.0,,,,,,0.0,,,0.0
Emily Simpkins,eng ENG,MF,Brighton,31-104,0.0,,,,,0.0,0.0,,,,,,,,,,,,,,,0.0,,,,,,,,,,,,,,,,,,,,,,,,,,,,,,,,,,,,,,,,,,,,,,,,,,,,,,,,,,,,,,,,,,,,,,,,,,,,,,,,,,,,,,,,,0.1,0.0,0.0,0.0,,,,,,0.0,,,0.0
Libby Smith,eng ENG,MF,Birmingham City,19-307,0.0,,,,,0.0,0.0,,,,,,,,,,,,,,,0.0,,,,,,,,,,,,,,,,,,,,,,,,,,,,,,,,,,,,,,,,,,,,,,,,,,,,,,,,,,,,,,,,,,,,,,,,,,,,,,,,,,,,,,,,,1.0,0.0,0.0,0.0,,,,,,0.0,,,0.0
Ji So-yun,kr KOR,MF,Chelsea,30-197,0.0,,,,,0.0,0.0,,,,,,,,,,,,,,,0.0,,,,,,,,,,,,,,,,,,,,,,,,,,,,,,,,,,,,,,,,,,,,,,,,,,,,,,,,,,,,,,,,,,,,,,,,,,,,,,,,,,,,,,,,,1.0,0.0,0.0,0.0,,,,,,0.0,,,0.0
Lucy Staniforth,eng ENG,MF,Manchester Utd,28-339,0.0,,,,,0.0,0.0,,,,,,,,,,,,,,,0.0,,,,,,,,,,,,,,,,,,,,,,,,,,,,,,,,,,,,,,,,,,,,,,,,,,,,,,,,,,,,,,,,,,,,,,,,,,,,,,,,,,,,,,,,,0.7,1.0,0.0,0.0,,,,,,0.0,,,0.0
Georgia Stanway,eng ENG,"FW,MF",Manchester City,22-246,0.0,,,,,0.0,0.0,,,,,,,,,,,,,,,0.0,,,,,,,,,,,,,,,,,,,,,,,,,,,,,,,,,,,,,,,,,,,,,,,,,,,,,,,,,,,,,,,,,,,,,,,,,,,,,,,,,,,,,,,,,0.3,0.0,0.0,0.0,,,,,,0.0,,,0.0
Demi Stokes,eng ENG,DF,Manchester City,29-268,0.0,,,,,0.0,0.0,,,,,,,,,,,,,,,0.0,,,,,,,,,,,,,,,,,,,,,,,,,,,,,,,,,,,,,,,,,,,,,,,,,,,,,,,,,,,,,,,,,,,,,,,,,,,,,,,,,,,,,,,,,1.0,0.0,0.0,0.0,,,,,,0.0,,,0.0
Abbey-Leigh Stringer,eng ENG,MF,West Ham,26-112,0.0,,,,,0.0,0.0,,,,,,,,,,,,,,,0.0,,,,,,,,,,,,,,,,,,,,,,,,,,,,,,,,,,,,,,,,,,,,,,,,,,,,,,,,,,,,,,,,,,,,,,,,,,,,,,,,,,,,,,,,,1.0,1.0,0.0,0.0,,,,,,0.0,,,0.0
Arabella Suttie,,DF,Birmingham City,,0.0,,,,,0.0,0.0,,,,,,,,,,,,,,,0.0,,,,,,,,,,,,,,,,,,,,,,,,,,,,,,,,,,,,,,,,,,,,,,,,,,,,,,,,,,,,,,,,,,,,,,,,,,,,,,,,,,,,,,,,,0.1,0.0,0.0,0.0,,,,,,0.0,,,0.0
Maisie Symonds,eng ENG,MF,Brighton,18-216,0.0,,,,,0.0,0.0,,,,,,,,,,,,,,,0.0,,,,,,,,,,,,,,,,,,,,,,,,,,,,,,,,,,,,,,,,,,,,,,,,,,,,,,,,,,,,,,,,,,,,,,,,,,,,,,,,,,,,,,,,,0.4,1.0,0.0,0.0,,,,,,0.0,,,0.0
Nicoline Sørensen,dk DEN,FW,Everton,24-022,0.0,,,,,0.0,0.0,,,,,,,,,,,,,,,0.0,,,,,,,,,,,,,,,,,,,,,,,,,,,,,,,,,,,,,,,,,,,,,,,,,,,,,,,,,,,,,,,,,,,,,,,,,,,,,,,,,,,,,,,,,0.1,0.0,0.0,0.0,,,,,,0.0,,,0.0
Martha Thomas,sct SCO,FW,Manchester Utd,25-098,0.0,,,,,0.0,0.0,,,,,,,,,,,,,,,0.0,,,,,,,,,,,,,,,,,,,,,,,,,,,,,,,,,,,,,,,,,,,,,,,,,,,,,,,,,,,,,,,,,,,,,,,,,,,,,,,,,,,,,,,,,0.3,0.0,0.0,0.0,,,,,,0.0,,,0.0
Maria Thorisdottir,no NOR,DF,Manchester Utd,28-093,0.0,,,,,0.0,0.0,,,,,,,,,,,,,,,0.0,,,,,,,,,,,,,,,,,,,,,,,,,,,,,,,,,,,,,,,,,,,,,,,,,,,,,,,,,,,,,,,,,,,,,,,,,,,,,,,,,,,,,,,,,1.0,0.0,0.0,0.0,,,,,,0.0,,,0.0
Samantha Tierney,eng ENG,DF,Leicester City WFC,22-333,0.0,,,,,0.0,0.0,,,,,,,,,,,,,,,0.0,,,,,,,,,,,,,,,,,,,,,,,,,,,,,,,,,,,,,,,,,,,,,,,,,,,,,,,,,,,,,,,,,,,,,,,,,,,,,,,,,,,,,,,,,1.0,1.0,0.0,0.0,,,,,,0.0,,,0.0
Ella Toone,eng ENG,FW,Manchester Utd,22-004,0.0,,,,,0.0,0.0,,,,,,,,,,,,,,,2.0,,,,,,,,,,,,,,,,,,,,,,,,,,,,,,,,,,,,,,,,,,,,,,,,,,,,,,,,,,,,,,,,,,,,,,,,,,,,,,,,,,,,,,,,,0.7,0.0,0.0,0.0,,,,,,0.0,,,0.0
Danielle Turner,eng ENG,DF,Everton,30-239,0.0,,,,,0.0,0.0,,,,,,,,,,,,,,,0.0,,,,,,,,,,,,,,,,,,,,,,,,,,,,,,,,,,,,,,,,,,,,,,,,,,,,,,,,,,,,,,,,,,,,,,,,,,,,,,,,,,,,,,,,,1.0,0.0,0.0,0.0,,,,,,0.0,,,0.0
Chioma Ubogagu,eng ENG,"FW,MF",Tottenham,28-361,0.0,,,,,0.0,0.0,,,,,,,,,,,,,,,0.0,,,,,,,,,,,,,,,,,,,,,,,,,,,,,,,,,,,,,,,,,,,,,,,,,,,,,,,,,,,,,,,,,,,,,,,,,,,,,,,,,,,,,,,,,0.3,0.0,0.0,0.0,,,,,,0.0,,,0.0
Claudia Walker,eng ENG,FW,West Ham,25-088,0.0,,,,,0.0,0.0,,,,,,,,,,,,,,,0.0,,,,,,,,,,,,,,,,,,,,,,,,,,,,,,,,,,,,,,,,,,,,,,,,,,,,,,,,,,,,,,,,,,,,,,,,,,,,,,,,,,,,,,,,,1.0,0.0,0.0,0.0,,,,,,0.0,,,0.0
Megan Walsh,eng ENG,GK,Brighton,26-298,0.0,,,,,0.0,0.0,,,,,,,,,,,,,,,0.0,,,,,,,,,,,,,,,,,,,,,,,,,,,,,,,,,,,,,,,,,,,,,,,,,,,,,,,,,,,,,,,,,,,,,,,,,,,,,,,,,,,,,,,,,1.0,0.0,0.0,0.0,,,,,,0.0,,,0.0
Lia Wälti,ch SUI,DF,Arsenal,28-140,0.0,,,,,0.0,0.0,,,,,,,,,,,,,,,0.0,,,,,,,,,,,,,,,,,,,,,,,,,,,,,,,,,,,,,,,,,,,,,,,,,,,,,,,,,,,,,,,,,,,,,,,,,,,,,,,,,,,,,,,,,0.9,0.0,0.0,0.0,,,,,,0.0,,,0.0
Caroline Weir,sct SCO,MF,Manchester City,26-078,0.0,,,,,0.0,0.0,,,,,,,,,,,,,,,0.0,,,,,,,,,,,,,,,,,,,,,,,,,,,,,,,,,,,,,,,,,,,,,,,,,,,,,,,,,,,,,,,,,,,,,,,,,,,,,,,,,,,,,,,,,0.7,0.0,0.0,0.0,,,,,,0.0,,,0.0
Aileen Whelan,eng ENG,MF,Brighton,30-026,0.0,,,,,0.0,0.0,,,,,,,,,,,,,,,0.0,,,,,,,,,,,,,,,,,,,,,,,,,,,,,,,,,,,,,,,,,,,,,,,,,,,,,,,,,,,,,,,,,,,,,,,,,,,,,,,,,,,,,,,,,0.9,0.0,0.0,0.0,,,,,,0.0,,,0.0
Emily Whelan,ie IRL,FW,Birmingham City,19-015,0.0,,,,,0.0,0.0,,,,,,,,,,,,,,,0.0,,,,,,,,,,,,,,,,,,,,,,,,,,,,,,,,,,,,,,,,,,,,,,,,,,,,,,,,,,,,,,,,,,,,,,,,,,,,,,,,,,,,,,,,,0.3,0.0,0.0,0.0,,,,,,0.0,,,0.0
Lucy Whipp,eng ENG,MF,Birmingham City,25-298,0.0,,,,,0.0,0.0,,,,,,,,,,,,,,,0.0,,,,,,,,,,,,,,,,,,,,,,,,,,,,,,,,,,,,,,,,,,,,,,,,,,,,,,,,,,,,,,,,,,,,,,,,,,,,,,,,,,,,,,,,,1.0,0.0,0.0,0.0,,,,,,0.0,,,0.0
Ellen White,eng ENG,FW,Manchester City,32-120,0.0,,,,,0.0,0.0,,,,,,,,,,,,,,,0.0,,,,,,,,,,,,,,,,,,,,,,,,,,,,,,,,,,,,,,,,,,,,,,,,,,,,,,,,,,,,,,,,,,,,,,,,,,,,,,,,,,,,,,,,,0.3,0.0,0.0,0.0,,,,,,0.0,,,0.0
Rachel Williams,eng ENG,FW,Tottenham,33-239,0.0,,,,,0.0,0.0,,,,,,,,,,,,,,,0.0,,,,,,,,,,,,,,,,,,,,,,,,,,,,,,,,,,,,,,,,,,,,,,,,,,,,,,,,,,,,,,,,,,,,,,,,,,,,,,,,,,,,,,,,,0.7,0.0,0.0,0.0,,,,,,0.0,,,0.0
Victoria Williams,eng ENG,DF,Brighton,31-154,0.0,,,,,0.0,0.0,,,,,,,,,,,,,,,0.0,,,,,,,,,,,,,,,,,,,,,,,,,,,,,,,,,,,,,,,,,,,,,,,,,,,,,,,,,,,,,,,,,,,,,,,,,,,,,,,,,,,,,,,,,0.7,0.0,0.0,0.0,,,,,,0.0,,,0.0
Leah Williamson,eng ENG,DF,Arsenal,24-161,0.0,,,,,0.0,0.0,,,,,,,,,,,,,,,0.0,,,,,,,,,,,,,,,,,,,,,,,,,,,,,,,,,,,,,,,,,,,,,,,,,,,,,,,,,,,,,,,,,,,,,,,,,,,,,,,,,,,,,,,,,1.0,0.0,0.0,0.0,,,,,,0.0,,,0.0
Lily Woodham,wls WAL,MF,Reading,21-003,0.0,,,,,0.0,0.0,,,,,,,,,,,,,,,0.0,,,,,,,,,,,,,,,,,,,,,,,,,,,,,,,,,,,,,,,,,,,,,,,,,,,,,,,,,,,,,,,,,,,,,,,,,,,,,,,,,,,,,,,,,1.0,0.0,0.0,0.0,,,,,,0.0,,,0.0
Lotte Wubben-Moy,eng ENG,DF,Arsenal,22-238,0.0,,,,,0.0,0.0,,,,,,,,,,,,,,,0.0,,,,,,,,,,,,,,,,,,,,,,,,,,,,,,,,,,,,,,,,,,,,,,,,,,,,,,,,,,,,,,,,,,,,,,,,,,,,,,,,,,,,,,,,,0.1,0.0,0.0,0.0,,,,,,0.0,,,0.0
Zaneta Wyne,us USA,MF,West Ham,31-182,0.0,,,,,0.0,0.0,,,,,,,,,,,,,,,0.0,,,,,,,,,,,,,,,,,,,,,,,,,,,,,,,,,,,,,,,,,,,,,,,,,,,,,,,,,,,,,,,,,,,,,,,,,,,,,,,,,,,,,,,,,1.0,0.0,0.0,0.0,,,,,,0.0,,,0.0
Shelina Zadorsky,ca CAN,DF,Tottenham,28-317,0.0,,,,,0.0,0.0,,,,,,,,,,,,,,,0.0,,,,,,,,,,,,,,,,,,,,,,,,,,,,,,,,,,,,,,,,,,,,,,,,,,,,,,,,,,,,,,,,,,,,,,,,,,,,,,,,,,,,,,,,,1.0,0.0,0.0,0.0,,,,,,0.0,,,0.0
Katie Zelem,eng ENG,MF,Manchester Utd,25-229,0.0,,,,,0.0,0.0,,,,,,,,,,,,,,,0.0,,,,,,,,,,,,,,,,,,,,,,,,,,,,,,,,,,,,,,,,,,,,,,,,,,,,,,,,,,,,,,,,,,,,,,,,,,,,,,,,,,,,,,,,,1.0,0.0,0.0,0.0,,,,,,0.0,,,0.0
Manuela Zinsberger,at AUT,GK,Arsenal,25-322,0.0,,,,,0.0,0.0,,,,,,,,,,,,,,,0.0,,,,,,,,,,,,,,,,,,,,,,,,,,,,,,,,,,,,,,,,,,,,,,,,,,,,,,,,,,,,,,,,,,,,,,,,,,,,,,,,,,,,,,,,,1.0,0.0,0.0,0.0,,,,,,0.0,,,0.0
Lucy Parker,,,West Ham,,0.0,,,,,0.0,0.0,,,,,,,,,,,,,,,0.0,,,,,,,,,,,,,,,,,,,,,,,,,,,,,,,,,,,,,,,,,,,,,,,,,,,,,,,,,,,,,,,,,,,,,,,,,,,,,,,,,,,,,,,,,0.5,0.0,0.0,0.0,,,,,,0.0,,,0.0
